Nutrient level,Growth rate,$Y_1,$Y_2,$Y_3,$Y_4,$Y_5,Sum_Y,$\theta_1$,$\theta_2$,$\theta_3$,$p = \frac{\theta_2}{\theta_1}$,$q = \frac{\theta_3}{\theta_1}$,$\sum \theta$,Approx. $\sum \theta$
0.001000,0.000995,0.000647,0.001460,0.995039,0.000687,0.002166,1.000000,0.997140,0.000689,0.002171,0.000691,0.002177,1.000000,1.000000
0.001047,0.001042,0.000662,0.001494,0.994905,0.000704,0.002234,1.000000,0.997056,0.000706,0.002239,0.000708,0.002245,1.000000,1.000000
0.001097,0.001091,0.000678,0.001529,0.994768,0.000722,0.002303,1.000000,0.996968,0.000723,0.002309,0.000725,0.002316,1.000000,1.000000
0.001149,0.001143,0.000694,0.001565,0.994626,0.000740,0.002376,1.000000,0.996878,0.000741,0.002381,0.000744,0.002388,1.000000,1.000000
0.001203,0.001197,0.000710,0.001602,0.994480,0.000758,0.002450,1.000000,0.996784,0.000760,0.002456,0.000762,0.002464,1.000000,1.000000
0.001260,0.001253,0.000727,0.001639,0.994330,0.000777,0.002528,1.000000,0.996688,0.000779,0.002534,0.000781,0.002542,1.000000,1.000000
0.001320,0.001312,0.000744,0.001677,0.994175,0.000796,0.002608,1.000000,0.996588,0.000798,0.002614,0.000801,0.002623,1.000000,1.000000
0.001383,0.001374,0.000761,0.001716,0.994016,0.000816,0.002691,1.000000,0.996484,0.000818,0.002698,0.000821,0.002707,1.000000,1.000000
0.001448,0.001439,0.000779,0.001756,0.993852,0.000836,0.002777,1.000000,0.996378,0.000838,0.002784,0.000842,0.002794,1.000000,1.000000
0.001517,0.001507,0.000797,0.001797,0.993683,0.000857,0.002866,1.000000,0.996267,0.000859,0.002873,0.000863,0.002884,1.000000,1.000000
0.001589,0.001578,0.000816,0.001839,0.993508,0.000879,0.002958,1.000000,0.996153,0.000881,0.002966,0.000884,0.002978,1.000000,1.000000
0.001664,0.001653,0.000835,0.001882,0.993329,0.000901,0.003054,1.000000,0.996035,0.000903,0.003062,0.000907,0.003074,1.000000,1.000000
0.001743,0.001731,0.000854,0.001926,0.993144,0.000923,0.003153,1.000000,0.995913,0.000926,0.003162,0.000930,0.003175,1.000000,1.000000
0.001825,0.001812,0.000874,0.001971,0.992953,0.000946,0.003255,1.000000,0.995786,0.000949,0.003265,0.000953,0.003279,1.000000,1.000000
0.001912,0.001898,0.000895,0.002017,0.992756,0.000970,0.003362,1.000000,0.995655,0.000973,0.003372,0.000977,0.003386,1.000000,1.000000
0.002002,0.001987,0.000915,0.002064,0.992554,0.000995,0.003472,1.000000,0.995520,0.000998,0.003483,0.001002,0.003498,1.000000,1.000000
0.002097,0.002081,0.000937,0.002112,0.992345,0.001020,0.003587,1.000000,0.995380,0.001023,0.003598,0.001028,0.003614,1.000000,1.000000
0.002196,0.002179,0.000959,0.002162,0.992129,0.001046,0.003705,1.000000,0.995234,0.001049,0.003717,0.001054,0.003735,1.000000,1.000000
0.002300,0.002282,0.000981,0.002212,0.991907,0.001072,0.003828,1.000000,0.995084,0.001075,0.003840,0.001081,0.003859,1.000000,1.000000
0.002409,0.002389,0.001004,0.002264,0.991678,0.001099,0.003956,1.000000,0.994929,0.001103,0.003969,0.001108,0.003989,1.000000,1.000000
0.002524,0.002502,0.001027,0.002316,0.991441,0.001127,0.004088,1.000000,0.994767,0.001131,0.004102,0.001137,0.004123,1.000000,1.000000
0.002643,0.002620,0.001051,0.002370,0.991197,0.001156,0.004225,1.000000,0.994601,0.001160,0.004240,0.001166,0.004263,1.000000,1.000000
0.002768,0.002743,0.001076,0.002426,0.990946,0.001185,0.004368,1.000000,0.994428,0.001189,0.004383,0.001196,0.004407,1.000000,1.000000
0.002899,0.002872,0.001101,0.002482,0.990686,0.001215,0.004515,1.000000,0.994249,0.001220,0.004532,0.001227,0.004558,1.000000,1.000000
0.003037,0.003008,0.001127,0.002540,0.990418,0.001246,0.004669,1.000000,0.994063,0.001251,0.004686,0.001258,0.004714,1.000000,1.000000
0.003181,0.003149,0.001153,0.002599,0.990142,0.001278,0.004828,1.000000,0.993871,0.001283,0.004846,0.001291,0.004876,1.000000,1.000000
0.003331,0.003298,0.001180,0.002660,0.989856,0.001311,0.004993,1.000000,0.993672,0.001316,0.005012,0.001324,0.005044,1.000000,1.000000
0.003489,0.003453,0.001208,0.002722,0.989562,0.001345,0.005164,1.000000,0.993465,0.001350,0.005185,0.001359,0.005219,1.000000,1.000000
0.003654,0.003615,0.001236,0.002785,0.989258,0.001379,0.005342,1.000000,0.993252,0.001385,0.005364,0.001394,0.005400,1.000000,1.000000
0.003827,0.003785,0.001265,0.002850,0.988944,0.001415,0.005527,1.000000,0.993030,0.001421,0.005550,0.001431,0.005589,1.000000,1.000000
0.004009,0.003963,0.001294,0.002916,0.988619,0.001451,0.005719,1.000000,0.992800,0.001457,0.005743,0.001468,0.005784,1.000000,1.000000
0.004199,0.004150,0.001324,0.002984,0.988285,0.001489,0.005918,1.000000,0.992561,0.001495,0.005943,0.001506,0.005988,1.000000,1.000000
0.004398,0.004345,0.001355,0.003054,0.987939,0.001527,0.006125,1.000000,0.992314,0.001534,0.006152,0.001546,0.006199,1.000000,1.000000
0.004606,0.004549,0.001387,0.003125,0.987582,0.001567,0.006340,1.000000,0.992058,0.001574,0.006368,0.001587,0.006419,1.000000,1.000000
0.004824,0.004762,0.001419,0.003198,0.987213,0.001608,0.006563,1.000000,0.991792,0.001615,0.006593,0.001628,0.006648,1.000000,1.000000
0.005053,0.004986,0.001453,0.003272,0.986831,0.001649,0.006795,1.000000,0.991516,0.001657,0.006827,0.001671,0.006885,1.000000,1.000000
0.005292,0.005220,0.001486,0.003348,0.986437,0.001692,0.007035,1.000000,0.991230,0.001701,0.007070,0.001716,0.007132,1.000000,1.000000
0.005543,0.005465,0.001521,0.003426,0.986030,0.001737,0.007286,1.000000,0.990933,0.001745,0.007322,0.001761,0.007389,1.000000,1.000000
0.005805,0.005722,0.001557,0.003506,0.985610,0.001782,0.007546,1.000000,0.990625,0.001791,0.007584,0.001808,0.007656,1.000000,1.000000
0.006080,0.005990,0.001593,0.003588,0.985175,0.001829,0.007816,1.000000,0.990305,0.001838,0.007857,0.001856,0.007933,1.000000,1.000000
0.006368,0.006271,0.001630,0.003671,0.984725,0.001877,0.008097,1.000000,0.989973,0.001887,0.008140,0.001906,0.008222,1.000000,1.000000
0.006670,0.006565,0.001668,0.003756,0.984261,0.001926,0.008389,1.000000,0.989629,0.001937,0.008434,0.001957,0.008523,1.000000,1.000000
0.006986,0.006873,0.001707,0.003844,0.983780,0.001977,0.008692,1.000000,0.989272,0.001988,0.008740,0.002010,0.008835,1.000000,1.000000
0.007317,0.007194,0.001747,0.003933,0.983284,0.002029,0.009007,1.000000,0.988901,0.002041,0.009059,0.002064,0.009160,1.000000,1.000000
0.007663,0.007531,0.001788,0.004025,0.982770,0.002083,0.009335,1.000000,0.988515,0.002095,0.009390,0.002119,0.009499,1.000000,1.000000
0.008026,0.007884,0.001829,0.004118,0.982239,0.002138,0.009676,1.000000,0.988115,0.002151,0.009734,0.002177,0.009851,1.000000,1.000000
0.008407,0.008253,0.001872,0.004214,0.981689,0.002195,0.010030,1.000000,0.987700,0.002208,0.010092,0.002236,0.010217,1.000000,1.000000
0.008805,0.008639,0.001916,0.004312,0.981121,0.002253,0.010399,1.000000,0.987269,0.002268,0.010464,0.002297,0.010599,1.000000,1.000000
0.009222,0.009042,0.001960,0.004412,0.980533,0.002314,0.010782,1.000000,0.986821,0.002328,0.010851,0.002360,0.010996,1.000000,1.000000
0.009659,0.009465,0.002006,0.004514,0.979924,0.002375,0.011180,1.000000,0.986355,0.002391,0.011253,0.002424,0.011409,1.000000,1.000000
0.010116,0.009907,0.002053,0.004619,0.979295,0.002439,0.011594,1.000000,0.985872,0.002455,0.011672,0.002491,0.011840,1.000000,1.000000
0.010596,0.010369,0.002101,0.004726,0.978643,0.002505,0.012025,1.000000,0.985370,0.002522,0.012108,0.002559,0.012288,1.000000,1.000000
0.011098,0.010853,0.002149,0.004836,0.977969,0.002572,0.012473,1.000000,0.984849,0.002590,0.012561,0.002630,0.012754,1.000000,1.000000
0.011623,0.011359,0.002200,0.004948,0.977271,0.002641,0.012939,1.000000,0.984307,0.002660,0.013033,0.002703,0.013240,1.000000,1.000000
0.012174,0.011888,0.002251,0.005063,0.976549,0.002713,0.013424,1.000000,0.983744,0.002733,0.013523,0.002778,0.013747,1.000000,1.000000
0.012751,0.012442,0.002303,0.005181,0.975802,0.002786,0.013928,1.000000,0.983159,0.002807,0.014034,0.002855,0.014274,1.000000,1.000000
0.013355,0.013021,0.002357,0.005301,0.975028,0.002862,0.014453,1.000000,0.982552,0.002884,0.014565,0.002935,0.014823,1.000000,1.000000
0.013987,0.013627,0.002412,0.005424,0.974226,0.002939,0.014999,1.000000,0.981920,0.002963,0.015117,0.003017,0.015395,1.000000,1.000000
0.014650,0.014260,0.002468,0.005549,0.973397,0.003019,0.015566,1.000000,0.981264,0.003044,0.015692,0.003102,0.015992,1.000000,1.000000
0.015344,0.014922,0.002525,0.005678,0.972538,0.003102,0.016157,1.000000,0.980582,0.003127,0.016290,0.003189,0.016613,1.000000,1.000000
0.016071,0.015615,0.002584,0.005810,0.971648,0.003187,0.016771,1.000000,0.979873,0.003214,0.016913,0.003280,0.017261,1.000000,1.000000
0.016832,0.016339,0.002644,0.005944,0.970727,0.003274,0.017410,1.000000,0.979137,0.003302,0.017561,0.003373,0.017935,1.000000,1.000000
0.017629,0.017096,0.002706,0.006082,0.969773,0.003364,0.018075,1.000000,0.978371,0.003394,0.018235,0.003469,0.018639,1.000000,1.000000
0.018464,0.017888,0.002769,0.006223,0.968785,0.003456,0.018767,1.000000,0.977575,0.003488,0.018937,0.003568,0.019372,1.000000,1.000000
0.019339,0.018715,0.002833,0.006367,0.967762,0.003552,0.019487,1.000000,0.976748,0.003585,0.019667,0.003670,0.020136,1.000000,1.000000
0.020255,0.019581,0.002899,0.006514,0.966702,0.003650,0.020235,1.000000,0.975888,0.003684,0.020428,0.003775,0.020932,1.000000,1.000000
0.021215,0.020485,0.002967,0.006665,0.965604,0.003751,0.021014,1.000000,0.974994,0.003787,0.021219,0.003884,0.021763,1.000000,1.000000
0.022219,0.021430,0.003036,0.006819,0.964466,0.003855,0.021825,1.000000,0.974065,0.003893,0.022042,0.003997,0.022629,1.000000,1.000000
0.023272,0.022418,0.003106,0.006976,0.963288,0.003962,0.022668,1.000000,0.973099,0.004002,0.022899,0.004113,0.023532,1.000000,1.000000
0.024374,0.023450,0.003179,0.007137,0.962067,0.004072,0.023545,1.000000,0.972095,0.004115,0.023790,0.004233,0.024473,1.000000,1.000000
0.025529,0.024528,0.003252,0.007302,0.960802,0.004186,0.024457,1.000000,0.971052,0.004230,0.024718,0.004356,0.025455,1.000000,1.000000
0.026738,0.025655,0.003328,0.007471,0.959492,0.004303,0.025406,1.000000,0.969967,0.004350,0.025684,0.004484,0.026479,1.000000,1.000000
0.028005,0.026833,0.003405,0.007643,0.958134,0.004423,0.026394,1.000000,0.968839,0.004472,0.026689,0.004616,0.027547,1.000000,1.000000
0.029332,0.028062,0.003485,0.007820,0.956728,0.004547,0.027421,1.000000,0.967667,0.004599,0.027734,0.004753,0.028661,1.000000,1.000000
0.030721,0.029347,0.003565,0.008000,0.955270,0.004675,0.028489,1.000000,0.966448,0.004729,0.028823,0.004894,0.029823,1.000000,1.000000
0.032176,0.030689,0.003648,0.008185,0.953760,0.004806,0.029601,1.000000,0.965181,0.004864,0.029955,0.005039,0.031036,1.000000,1.000000
0.033701,0.032090,0.003733,0.008373,0.952196,0.004942,0.030756,1.000000,0.963865,0.005002,0.031133,0.005190,0.032300,1.000000,1.000000
0.035297,0.033552,0.003820,0.008566,0.950575,0.005081,0.031958,1.000000,0.962496,0.005145,0.032359,0.005345,0.033620,1.000000,1.000000
0.036969,0.035080,0.003908,0.008764,0.948895,0.005225,0.033208,1.000000,0.961074,0.005292,0.033635,0.005506,0.034997,1.000000,1.000000
0.038720,0.036674,0.003999,0.008965,0.947155,0.005373,0.034508,1.000000,0.959595,0.005443,0.034961,0.005672,0.036434,1.000000,1.000000
0.040555,0.038338,0.004092,0.009172,0.945352,0.005525,0.035860,1.000000,0.958059,0.005599,0.036342,0.005844,0.037933,1.000000,1.000000
0.042476,0.040075,0.004187,0.009383,0.943484,0.005682,0.037265,1.000000,0.956463,0.005760,0.037778,0.006022,0.039497,1.000000,1.000000
0.044488,0.041887,0.004284,0.009598,0.941549,0.005843,0.038726,1.000000,0.954804,0.005925,0.039271,0.006206,0.041130,1.000000,1.000000
0.046595,0.043778,0.004383,0.009819,0.939544,0.006009,0.040244,1.000000,0.953080,0.006096,0.040824,0.006396,0.042834,1.000000,1.000000
0.048803,0.045751,0.004485,0.010045,0.937467,0.006181,0.041823,1.000000,0.951289,0.006272,0.042439,0.006593,0.044612,1.000000,1.000000
0.051114,0.047808,0.004589,0.010275,0.935316,0.006357,0.043463,1.000000,0.949429,0.006453,0.044119,0.006796,0.046469,1.000000,1.000000
0.053536,0.049953,0.004695,0.010511,0.933088,0.006538,0.045167,1.000000,0.947496,0.006639,0.045865,0.007007,0.048406,1.000000,1.000000
0.056072,0.052190,0.004804,0.010752,0.930780,0.006725,0.046938,1.000000,0.945489,0.006831,0.047680,0.007225,0.050429,1.000000,1.000000
0.058728,0.054522,0.004915,0.010999,0.928390,0.006917,0.048778,1.000000,0.943404,0.007029,0.049567,0.007451,0.052541,1.000000,1.000000
0.061510,0.056953,0.005029,0.011251,0.925916,0.007115,0.050689,1.000000,0.941239,0.007233,0.051528,0.007684,0.054745,1.000000,1.000000
0.064424,0.059486,0.005146,0.011508,0.923353,0.007319,0.052674,1.000000,0.938991,0.007443,0.053566,0.007926,0.057046,1.000000,1.000000
0.067475,0.062125,0.005265,0.011772,0.920700,0.007528,0.054735,1.000000,0.936658,0.007659,0.055684,0.008177,0.059449,1.000000,1.000000
0.070672,0.064873,0.005387,0.012041,0.917954,0.007744,0.056875,1.000000,0.934235,0.007881,0.057883,0.008436,0.061958,1.000000,1.000000
0.074020,0.067736,0.005511,0.012316,0.915111,0.007966,0.059096,1.000000,0.931721,0.008111,0.060168,0.008705,0.064577,1.000000,1.000000
0.077526,0.070717,0.005639,0.012598,0.912169,0.008194,0.061401,1.000000,0.929113,0.008346,0.062541,0.008983,0.067313,1.000000,1.000000
0.081198,0.073820,0.005769,0.012885,0.909125,0.008429,0.063792,1.000000,0.926406,0.008589,0.065005,0.009272,0.070169,1.000000,1.000000
0.085045,0.077049,0.005903,0.013179,0.905975,0.008670,0.066273,1.000000,0.923598,0.008839,0.067562,0.009570,0.073151,1.000000,1.000000
0.089074,0.080408,0.006039,0.013480,0.902716,0.008919,0.068846,1.000000,0.920687,0.009096,0.070217,0.009880,0.076266,1.000000,1.000000
0.093293,0.083903,0.006178,0.013787,0.899346,0.009174,0.071515,1.000000,0.917667,0.009361,0.072972,0.010201,0.079518,1.000000,1.000000
0.097712,0.087537,0.006321,0.014101,0.895861,0.009437,0.074281,1.000000,0.914537,0.009633,0.075829,0.010534,0.082915,1.000000,1.000000
0.102341,0.091315,0.006467,0.014421,0.892258,0.009706,0.077147,1.000000,0.911293,0.009913,0.078793,0.010878,0.086463,1.000000,1.000000
0.107189,0.095241,0.006616,0.014749,0.888533,0.009983,0.080118,1.000000,0.907932,0.010201,0.081867,0.011236,0.090168,1.000000,1.000000
0.112267,0.099321,0.006769,0.015084,0.884684,0.010268,0.083194,1.000000,0.904450,0.010498,0.085053,0.011607,0.094038,1.000000,1.000000
0.117585,0.103558,0.006925,0.015426,0.880708,0.010561,0.086380,1.000000,0.900843,0.010802,0.088355,0.011991,0.098080,1.000000,1.000000
0.123155,0.107958,0.007085,0.015776,0.876600,0.010861,0.089678,1.000000,0.897109,0.011115,0.091776,0.012390,0.102302,1.000000,1.000000
0.128989,0.112525,0.007248,0.016134,0.872358,0.011169,0.093091,1.000000,0.893243,0.011437,0.095320,0.012804,0.106712,1.000000,1.000000
0.135099,0.117263,0.007415,0.016499,0.867978,0.011486,0.096622,1.000000,0.889243,0.011767,0.098989,0.013233,0.111319,1.000000,1.000000
0.141499,0.122179,0.007586,0.016872,0.863458,0.011810,0.100274,1.000000,0.885106,0.012107,0.102788,0.013678,0.116130,1.000000,1.000000
0.148202,0.127275,0.007761,0.017253,0.858794,0.012144,0.104049,1.000000,0.880827,0.012455,0.106718,0.014140,0.121157,1.000000,1.000000
0.155223,0.132557,0.007939,0.017643,0.853983,0.012485,0.107950,1.000000,0.876403,0.012813,0.110784,0.014620,0.126408,1.000000,1.000000
0.162576,0.138030,0.008122,0.018041,0.849022,0.012835,0.111980,1.000000,0.871832,0.013180,0.114988,0.015118,0.131893,1.000000,1.000000
0.170277,0.143698,0.008309,0.018447,0.843909,0.013194,0.116141,1.000000,0.867109,0.013557,0.119334,0.015634,0.137623,1.000000,1.000000
0.178343,0.149566,0.008500,0.018862,0.838640,0.013562,0.120436,1.000000,0.862233,0.013943,0.123824,0.016171,0.143609,1.000000,1.000000
0.186791,0.155637,0.008695,0.019286,0.833213,0.013938,0.124867,1.000000,0.857199,0.014339,0.128462,0.016728,0.149862,1.000000,1.000000
0.195640,0.161917,0.008894,0.019719,0.827626,0.014323,0.129437,1.000000,0.852005,0.014745,0.133250,0.017307,0.156396,1.000000,1.000000
0.204907,0.168408,0.009099,0.020162,0.821875,0.014718,0.134147,1.000000,0.846648,0.015161,0.138191,0.017908,0.163221,1.000000,1.000000
0.214614,0.175116,0.009307,0.020613,0.815958,0.015121,0.139000,1.000000,0.841125,0.015587,0.143287,0.018532,0.170352,1.000000,1.000000
0.224781,0.182044,0.009521,0.021074,0.809874,0.015533,0.143997,1.000000,0.835435,0.016024,0.148542,0.019180,0.177802,1.000000,1.000000
0.235429,0.189195,0.009739,0.021545,0.803621,0.015955,0.149140,1.000000,0.829573,0.016470,0.153957,0.019854,0.185585,1.000000,1.000000
0.246581,0.196573,0.009962,0.022026,0.797196,0.016385,0.154430,1.000000,0.823540,0.016927,0.159534,0.020554,0.193717,1.000000,1.000000
0.258262,0.204181,0.010190,0.022517,0.790599,0.016825,0.159869,1.000000,0.817331,0.017393,0.165275,0.021281,0.202213,1.000000,1.000000
0.270496,0.212022,0.010424,0.023018,0.783827,0.017273,0.165458,1.000000,0.810947,0.017871,0.171182,0.022037,0.211089,1.000000,1.000000
0.283310,0.220098,0.010662,0.023530,0.776881,0.017730,0.171196,1.000000,0.804385,0.018358,0.177257,0.022822,0.220364,1.000000,1.000000
0.296730,0.228411,0.010906,0.024052,0.769760,0.018196,0.177086,1.000000,0.797644,0.018856,0.183501,0.023639,0.230053,1.000000,1.000000
0.310787,0.236963,0.011155,0.024585,0.762463,0.018671,0.183126,1.000000,0.790723,0.019363,0.189914,0.024488,0.240177,1.000000,1.000000
0.325509,0.245756,0.011410,0.025129,0.754990,0.019155,0.189317,1.000000,0.783622,0.019881,0.196497,0.025371,0.250754,1.000000,1.000000
0.340929,0.254790,0.011670,0.025684,0.747341,0.019647,0.195658,1.000000,0.776340,0.020409,0.203250,0.026289,0.261806,1.000000,1.000000
0.357079,0.264066,0.011936,0.026250,0.739517,0.020147,0.202149,1.000000,0.768878,0.020947,0.210175,0.027244,0.273352,1.000000,1.000000
0.373994,0.273584,0.012209,0.026828,0.731520,0.020655,0.208788,1.000000,0.761236,0.021495,0.217269,0.028236,0.285416,1.000000,1.000000
0.391710,0.283344,0.012487,0.027418,0.723350,0.021172,0.215574,1.000000,0.753415,0.022052,0.224533,0.029269,0.298021,1.000000,1.000000
0.410266,0.293344,0.012771,0.028019,0.715010,0.021696,0.222504,1.000000,0.745415,0.022618,0.231966,0.030343,0.311190,1.000000,1.000000
0.429700,0.303584,0.013062,0.028632,0.706501,0.022227,0.229577,1.000000,0.737240,0.023194,0.239566,0.031461,0.324950,1.000000,1.000000
0.450056,0.314061,0.013358,0.029258,0.697827,0.022766,0.236791,1.000000,0.728890,0.023779,0.247331,0.032624,0.339326,1.000000,1.000000
0.471375,0.324773,0.013662,0.029896,0.688990,0.023311,0.244141,1.000000,0.720368,0.024373,0.255259,0.033834,0.354346,1.000000,1.000000
0.493705,0.335716,0.013972,0.030547,0.679994,0.023863,0.251624,1.000000,0.711677,0.024975,0.263348,0.035093,0.370038,1.000000,1.000000
0.517092,0.346888,0.014289,0.031210,0.670843,0.024421,0.259237,1.000000,0.702821,0.025585,0.271594,0.036404,0.386434,1.000000,1.000000
0.541587,0.358282,0.014613,0.031886,0.661541,0.024985,0.266974,1.000000,0.693803,0.026203,0.279994,0.037768,0.403564,1.000000,1.000000
0.567243,0.369896,0.014944,0.032575,0.652094,0.025554,0.274832,1.000000,0.684628,0.026829,0.288543,0.039188,0.421460,1.000000,1.000000
0.594113,0.381722,0.015283,0.033278,0.642507,0.026128,0.282805,1.000000,0.675300,0.027462,0.297239,0.040666,0.440158,1.000000,1.000000
0.622257,0.393755,0.015628,0.033994,0.632785,0.026707,0.290886,1.000000,0.665825,0.028101,0.306074,0.042205,0.459692,1.000000,1.000000
0.651734,0.405988,0.015981,0.034723,0.622935,0.027289,0.299071,1.000000,0.656208,0.028747,0.315046,0.043807,0.480100,1.000000,1.000000
0.682607,0.418413,0.016342,0.035467,0.612963,0.027875,0.307353,1.000000,0.646455,0.029398,0.324147,0.045476,0.501421,1.000000,1.000000
0.714943,0.431023,0.016711,0.036224,0.602877,0.028464,0.315724,1.000000,0.636574,0.030055,0.333371,0.047213,0.523695,1.000000,1.000000
0.748810,0.443808,0.017088,0.036995,0.592684,0.029055,0.324178,1.000000,0.626571,0.030716,0.342713,0.049023,0.546965,1.000000,1.000000
0.784282,0.456760,0.017472,0.037780,0.582393,0.029648,0.332706,1.000000,0.616454,0.031382,0.352164,0.050908,0.571275,1.000000,1.000000
0.821434,0.469869,0.017866,0.038580,0.572010,0.030243,0.341301,1.000000,0.606229,0.032052,0.361719,0.052871,0.596670,1.000000,1.000000
0.860346,0.483124,0.018267,0.039394,0.561546,0.030838,0.349955,1.000000,0.595907,0.032725,0.371368,0.054916,0.623199,1.000000,1.000000
0.901102,0.496515,0.018677,0.040223,0.551009,0.031433,0.358658,1.000000,0.585494,0.033401,0.381105,0.057047,0.650912,1.000000,1.000000
0.943788,0.510030,0.019096,0.041066,0.540407,0.032028,0.367402,1.000000,0.575001,0.034078,0.390921,0.059267,0.679861,1.000000,1.000000
0.988496,0.523657,0.019524,0.041924,0.529752,0.032622,0.376178,1.000000,0.564436,0.034758,0.400807,0.061580,0.710101,1.000000,1.000000
1.035322,0.537386,0.019961,0.042797,0.519052,0.033214,0.384975,1.000000,0.553808,0.035438,0.410754,0.063990,0.741690,1.000000,1.000000
1.084366,0.551202,0.020408,0.043685,0.508317,0.033804,0.393786,1.000000,0.543128,0.036119,0.420753,0.066502,0.774685,1.000000,1.000000
1.135733,0.565093,0.020892,0.044578,0.497558,0.034375,0.402597,1.000000,0.532415,0.036783,0.430802,0.069087,0.809146,1.000000,1.000000
1.189534,0.579047,0.021329,0.045507,0.486784,0.034974,0.411405,1.000000,0.521649,0.037479,0.440871,0.071848,0.845149,1.000000,1.000000
1.245883,0.593049,0.021804,0.046440,0.476007,0.035554,0.420195,1.000000,0.510871,0.038158,0.450971,0.074692,0.882750,1.000000,1.000000
1.304902,0.607087,0.022300,0.047395,0.465236,0.036122,0.428946,1.000000,0.500090,0.038829,0.461082,0.077643,0.921998,1.000000,1.000000
1.366716,0.621147,0.022785,0.048353,0.454481,0.036697,0.437683,1.000000,0.489289,0.039508,0.471204,0.080745,0.963038,1.000000,1.000000
1.431459,0.635215,0.023292,0.049332,0.443754,0.037260,0.446363,1.000000,0.478505,0.040178,0.481318,0.083966,1.005879,1.000000,1.000000
1.499268,0.649278,0.023810,0.050340,0.433063,0.037816,0.454971,1.000000,0.467747,0.040845,0.491409,0.087322,1.050587,1.000000,1.000000
1.570290,0.663323,0.024335,0.051338,0.422420,0.038367,0.463540,1.000000,0.457003,0.041508,0.501489,0.090826,1.097344,1.000000,1.000000
1.644676,0.677335,0.024873,0.052363,0.411835,0.038909,0.472021,1.000000,0.446305,0.042166,0.511529,0.094477,1.146141,1.000000,1.000000
1.722586,0.691301,0.025422,0.053404,0.401316,0.039443,0.480415,1.000000,0.435657,0.042818,0.521525,0.098284,1.197101,1.000000,1.000000
1.804186,0.705208,0.025983,0.054460,0.390873,0.039968,0.488716,1.000000,0.425067,0.043465,0.531468,0.102254,1.250318,1.000000,1.000000
1.889652,0.719044,0.026555,0.055531,0.380517,0.040485,0.496913,1.000000,0.414545,0.044105,0.541350,0.106394,1.305890,1.000000,1.000000
1.979167,0.732796,0.027139,0.056617,0.370255,0.040992,0.504998,1.000000,0.404101,0.044739,0.551161,0.110712,1.363920,1.000000,1.000000
2.072922,0.746451,0.027734,0.057718,0.360096,0.041489,0.512962,1.000000,0.393743,0.045365,0.560892,0.115215,1.424515,1.000000,1.000000
2.171118,0.759998,0.028342,0.058835,0.350049,0.041975,0.520799,1.000000,0.383480,0.045984,0.570536,0.119912,1.487787,1.000000,1.000000
2.273966,0.773425,0.028962,0.059966,0.340122,0.042451,0.528499,1.000000,0.373320,0.046595,0.580085,0.124812,1.553853,1.000000,1.000000
2.381686,0.786722,0.029595,0.061111,0.330321,0.042916,0.536057,1.000000,0.363272,0.047197,0.589531,0.129922,1.622834,1.000000,1.000000
2.494508,0.799877,0.030240,0.062271,0.320655,0.043370,0.543464,1.000000,0.353343,0.047791,0.598866,0.135254,1.694857,1.000000,1.000000
2.612675,0.812881,0.030898,0.063445,0.311130,0.043812,0.550716,1.000000,0.343540,0.048376,0.608084,0.140815,1.770053,1.000000,1.000000
2.736440,0.825724,0.031569,0.064633,0.301751,0.044242,0.557805,1.000000,0.333870,0.048951,0.617179,0.146618,1.848562,1.000000,1.000000
2.866068,0.838397,0.032253,0.065834,0.292525,0.044660,0.564727,1.000000,0.324339,0.049517,0.626144,0.152671,1.930525,1.000000,1.000000
3.001836,0.850892,0.032951,0.067049,0.283457,0.045066,0.571476,1.000000,0.314952,0.050073,0.634974,0.158987,2.016095,1.000000,1.000000
3.144035,0.863201,0.033663,0.068277,0.274552,0.045460,0.578049,1.000000,0.305717,0.050620,0.643664,0.165578,2.105425,1.000000,1.000000
3.292971,0.875317,0.034388,0.069518,0.265814,0.045841,0.584440,1.000000,0.296636,0.051156,0.652208,0.172454,2.198681,1.000000,1.000000
3.448962,0.887234,0.035127,0.070771,0.257247,0.046209,0.590646,1.000000,0.287715,0.051682,0.660603,0.179629,2.296031,1.000000,1.000000
3.612343,0.898945,0.035881,0.072036,0.248854,0.046565,0.596665,1.000000,0.278958,0.052198,0.668844,0.187117,2.397654,1.000000,1.000000
3.783463,0.910445,0.036648,0.073313,0.240638,0.046908,0.602493,1.000000,0.270368,0.052703,0.676929,0.194930,2.503733,1.000000,1.000000
3.962689,0.921729,0.037431,0.074600,0.232602,0.047238,0.608129,1.000000,0.261948,0.053198,0.684854,0.203084,2.614462,1.000000,1.000000
4.150405,0.932793,0.038228,0.075899,0.224748,0.047555,0.613570,1.000000,0.253702,0.053682,0.692617,0.211594,2.730043,1.000000,1.000000
4.347013,0.943634,0.039040,0.077207,0.217076,0.047860,0.618816,1.000000,0.245630,0.054155,0.700214,0.220475,2.850684,1.000000,1.000000
4.552935,0.954248,0.039867,0.078525,0.209590,0.048152,0.623866,1.000000,0.237736,0.054618,0.707646,0.229744,2.976606,1.000000,1.000000
4.768612,0.964633,0.040710,0.079853,0.202288,0.048431,0.628718,1.000000,0.230020,0.055071,0.714909,0.239419,3.108036,1.000000,1.000000
4.994505,0.974786,0.041568,0.081188,0.195172,0.048698,0.633374,1.000000,0.222483,0.055513,0.722004,0.249516,3.245213,1.000000,1.000000
5.231099,0.984707,0.042441,0.082532,0.188241,0.048953,0.637833,1.000000,0.215126,0.055945,0.728929,0.260056,3.388386,1.000000,1.000000
5.478901,0.994395,0.043330,0.083882,0.181495,0.049196,0.642097,1.000000,0.207949,0.056366,0.735685,0.271057,3.537814,1.000000,1.000000
5.738442,1.003848,0.044235,0.085239,0.174934,0.049426,0.646165,1.000000,0.200952,0.056777,0.742271,0.282540,3.693767,1.000000,1.000000
6.010277,1.013068,0.045157,0.086602,0.168556,0.049644,0.650041,1.000000,0.194135,0.057178,0.748687,0.294528,3.856529,1.000000,1.000000
6.294989,1.022054,0.046094,0.087970,0.162360,0.049851,0.653725,1.000000,0.187496,0.057569,0.754935,0.307041,4.026395,1.000000,1.000000
6.593188,1.030807,0.047047,0.089343,0.156344,0.050046,0.657220,1.000000,0.181036,0.057950,0.761014,0.320104,4.203672,1.000000,1.000000
6.905514,1.039328,0.048017,0.090718,0.150507,0.050230,0.660527,1.000000,0.174751,0.058322,0.766927,0.333740,4.388681,1.000000,1.000000
7.232634,1.047620,0.049003,0.092097,0.144846,0.050403,0.663650,1.000000,0.168642,0.058683,0.772675,0.347976,4.581759,1.000000,1.000000
7.575250,1.055683,0.050006,0.093478,0.139359,0.050565,0.666592,1.000000,0.162705,0.059036,0.778259,0.362839,4.783255,1.000000,1.000000
7.934097,1.063520,0.051025,0.094860,0.134044,0.050716,0.669355,1.000000,0.156939,0.059379,0.783682,0.378355,4.993535,1.000000,1.000000
8.309942,1.071134,0.052061,0.096242,0.128898,0.050857,0.671942,1.000000,0.151342,0.059713,0.788945,0.394555,5.212980,1.000000,1.000000
8.703591,1.078527,0.053114,0.097623,0.123917,0.050988,0.674357,1.000000,0.145912,0.060038,0.794050,0.411468,5.441990,1.000000,1.000000
9.115888,1.085702,0.054184,0.099003,0.119100,0.051109,0.676605,1.000000,0.140645,0.060354,0.799001,0.429126,5.680980,1.000000,1.000000
9.547716,1.092663,0.055270,0.100381,0.114442,0.051220,0.678687,1.000000,0.135539,0.060662,0.803799,0.447564,5.930387,1.000000,1.000000
10.000000,1.099412,0.056373,0.101755,0.109941,0.051322,0.680609,1.000000,0.130591,0.060962,0.808447,0.466814,6.190663,1.000000,1.000000
